Table 6+32+34,,,,,,
"Higher education R&D expenditures at institutions in both survey populations, by state, institutional control, system, and institution: FY 2022",,,,,,
(Dollars in thousands),,,,,,
,Institution,All R&D expenditures,State,system,HBC,HHE
0,Alabama A&M U.,9611,Alabama,Public,Yes,No
1,Alabama State U.,3178,Alabama,Public,Yes,No
3,"Auburn U., Auburn",304439,Alabama,Public,No,No
4,"Auburn U., Montgomery",698,Alabama,Public,No,No
5,Jacksonville State U.,197,Alabama,Public,No,No
6,Troy U.,2517,Alabama,Public,No,No
8,"U. Alabama, Birmingham",713480,Alabama,Public,No,No
9,"U. Alabama, Huntsville",169532,Alabama,Public,No,No
10,"U. Alabama, Tuscaloosa",163204,Alabama,Public,No,No
11,U. North Alabama,650,Alabama,Public,No,No
12,U. South Alabama,43491,Alabama,Public,No,No
13,U. West Alabama,604,Alabama,Public,No,No
14,"Alabama C., Osteopathic Medicine",236,Alabama,Private,No,No
15,Oakwood U.,340,Alabama,Private,No,No
16,Tuskegee U.,21941,Alabama,Private,Yes,No
17,"U. Alaska, Anchorage",21024,Alaska,Public (U. Alaska System),No,No
18,"U. Alaska, Fairbanks",202516,Alaska,Public (U. Alaska System),No,No
19,"U. Alaska, Southeast",1570,Alaska,Public (U. Alaska System),No,No
20,Alaska Pacific U.,1607,Alaska,Private,No,No
21,Arizona Board of Regents,1688293,Arizona,Public,No,No
22,Arizona State U.,797224,Arizona,Public,No,No
23,Northern Arizona U.,66729,Arizona,Public,No,Yes
24,U. Arizona,824340,Arizona,Public,No,Yes
25,Dine C.,2091,Arizona,Public,No,No
26,Sonoran U. Health Sciences,520,Arizona,Private,No,No
28,"Arkansas State U., Jonesboro",8214,Arkansas,Public,No,No
29,Arkansas Tech U.,921,Arkansas,Public,No,No
30,Southern Arkansas U.,281,Arkansas,Public,No,No
32,U. Arkansas for Medical Sciences,205493,Arkansas,Public,No,No
33,"U. Arkansas, Fayetteville",184080,Arkansas,Public,No,No
34,"U. Arkansas, Little Rock",7530,Arkansas,Public,No,No
35,"U. Arkansas, Pine Bluff",7506,Arkansas,Public,Yes,No
36,U. Central Arkansas,3684,Arkansas,Public,No,No
37,Arkansas C. of Health Education,301,Arkansas,Private,No,No
38,Hendrix C.,709,Arkansas,Private,No,No
39,Ouachita Baptist U.,309,Arkansas,Private,No,No
41,"California Polytechnic State U., San Luis Obispo",33155,California,Public,No,No
42,"California State Polytechnic U., Humboldt",15612,California,Public,No,Yes
43,"California State Polytechnic U., Pomona",7909,California,Public,No,Yes
44,"California State U., Bakersfield",4815,California,Public,No,Yes
45,"California State U., Channel Islands",3377,California,Public,No,Yes
46,"California State U., Chico",4177,California,Public,No,Yes
47,"California State U., Dominguez Hills",4230,California,Public,No,Yes
48,"California State U., East Bay",19035,California,Public,No,Yes
49,"California State U., Fresno",12603,California,Public,No,Yes
50,"California State U., Fullerton",16642,California,Public,No,Yes
51,"California State U., Long Beach",17807,California,Public,No,Yes
52,"California State U., Los Angeles",9839,California,Public,No,Yes
53,"California State U., Maritime Academy",526,California,Public,No,No
54,"California State U., Monterey Bay",8975,California,Public,No,Yes
55,"California State U., Northridge",19638,California,Public,No,Yes
56,"California State U., Sacramento",23795,California,Public,No,Yes
57,"California State U., San Bernardino",11929,California,Public,No,Yes
58,"California State U., San Marcos",9238,California,Public,No,Yes
59,"California State U., Stanislaus",1966,California,Public,No,Yes
60,San Diego State U.,123856,California,Public,No,Yes
61,San Francisco State U.,36617,California,Public,No,Yes
62,San Jose State U.,71695,California,Public,No,Yes
63,Sonoma State U.,3774,California,Public,No,Yes
64,Naval Postgraduate School,64055,California,Public,No,No
66,"U. California, Berkeley",981035,California,Public,No,No
67,"U. California, Davis",883807,California,Public,No,No
68,"U. California, Irvine",534947,California,Public,No,Yes
69,"U. California, Los Angeles",1536197,California,Public,No,No
70,"U. California, Merced",48147,California,Public,No,Yes
71,"U. California, Office of the President",54640,California,Public,No,No
72,"U. California, Riverside",199135,California,Public,No,Yes
73,"U. California, San Diego",1533357,California,Public,No,No
74,"U. California, San Francisco",1805950,California,Public,No,No
75,"U. California, Santa Barbara",278897,California,Public,No,Yes
76,"U. California, Santa Cruz",176760,California,Public,No,Yes
77,Azusa Pacific U.,3389,California,Private,No,Yes
78,Biola U.,3260,California,Private,No,No
79,California Institute of Technology,478142,California,Private,No,No
80,California Lutheran U.,627,California,Private,No,Yes
81,Chapman U.,34212,California,Private,No,No
82,Charles R. Drew U. of Medicine and Science,14581,California,Private,No,Yes
83,Dominican U. California,901,California,Private,No,No
84,High Tech High Graduate School of Ed.,6203,California,Private,No,No
85,La Sierra U.,2246,California,Private,No,Yes
86,Life Chiropractic C.-West,350,California,Private,No,No
87,Loma Linda U.,15517,California,Private,No,Yes
88,Loyola Marymount U.,12773,California,Private,No,No
89,Marshall B. Ketchum U.,1559,California,Private,No,No
90,Mills C.,439,California,Private,No,No
91,Occidental C.,4139,California,Private,No,No
92,Palo Alto U.,426,California,Private,No,No
93,Pepperdine U.,3775,California,Private,No,No
94,Point Loma Nazarene U.,565,California,Private,No,No
95,Santa Clara U.,4225,California,Private,No,No
96,Scripps Research Institute,492639,California,Private,No,No
97,Southern California U. of Health Sciences,246,California,Private,No,No
98,Stanford U.,1384555,California,Private,No,No
99,The Claremont Colleges,21783,California,Private,No,No
100,Claremont Graduate U.,8382,California,Private,No,No
101,Claremont McKenna C.,5893,California,Private,No,No
102,Harvey Mudd C.,3350,California,Private,No,No
103,Keck Graduate Institute,1282,California,Private,No,No
104,Pitzer C.,287,California,Private,No,No
105,Pomona C.,2589,California,Private,No,No
107,"Touro U., California",2561,California,Private,No,No
108,U. of the Pacific,1835,California,Private,No,No
109,U. San Diego,10143,California,Private,No,No
110,U. San Francisco,2657,California,Private,No,No
111,U. Southern California,1039905,California,Private,No,No
112,Western U. of Health Sciences,9029,California,Private,No,No
113,Westmont C.,340,California,Private,No,No
114,Whittier C.,346,California,Private,No,No
115,Colorado Mesa U.,802,Colorado,Public,No,No
116,Colorado School of Mines,98404,Colorado,Public,No,No
118,"Colorado State U., Fort Collins",456911,Colorado,Public,No,No
119,"Colorado State U., Pueblo",3117,Colorado,Public,No,Yes
120,Fort Lewis C.,2765,Colorado,Public,No,No
121,Metropolitan State U. of Denver,666,Colorado,Public,No,No
123,U. Colorado Anschutz Medical Campus,611358,Colorado,Public,No,No
124,U. Colorado Boulder,611380,Colorado,Public,No,No
125,U. Colorado Colorado Springs,7761,Colorado,Public,No,No
126,U. Colorado Denver,18080,Colorado,Public,No,No
127,U. Northern Colorado,3308,Colorado,Public,No,No
128,U.S. Air Force Academy,36506,Colorado,Public,No,No
129,Western Colorado U.,826,Colorado,Public,No,No
130,Colorado C.,3646,Colorado,Private,No,No
131,Regis U.,744,Colorado,Private,No,No
132,U. Denver,45561,Colorado,Private,No,No
134,Central Connecticut State U.,1035,Connecticut,Public,No,No
135,Eastern Connecticut State U.,1734,Connecticut,Public,No,No
136,Southern Connecticut State U.,6286,Connecticut,Public,No,No
137,Western Connecticut State U.,399,Connecticut,Public,No,No
138,U. Connecticut,367557,Connecticut,Public,No,No
139,U.S. Coast Guard Academy,1019,Connecticut,Public,No,No
140,Connecticut C.,1875,Connecticut,Private,No,No
141,Fairfield U.,1097,Connecticut,Private,No,No
142,Hartford International U. for Religion and Peace,1105,Connecticut,Private,No,No
143,Quinnipiac U.,1069,Connecticut,Private,No,No
144,Sacred Heart U.,3741,Connecticut,Private,No,No
145,"Trinity C., Hartford",1620,Connecticut,Private,No,No
146,U. Hartford,1090,Connecticut,Private,No,No
147,U. New Haven,4548,Connecticut,Private,No,No
148,Wesleyan U.,10101,Connecticut,Private,No,No
149,Yale U.,1191201,Connecticut,Private,No,No
150,Delaware State U.,29016,Delaware,Public,Yes,No
151,U. Delaware,368107,Delaware,Public,No,No
152,National Defense U.,3920,District of Columbia,Public,No,No
153,U. of the District of Columbia,10779,District of Columbia,Public,Yes,No
154,American U.,67616,District of Columbia,Private,No,No
155,Catholic U. of America,38191,District of Columbia,Private,No,No
156,Gallaudet U.,6360,District of Columbia,Private,No,No
157,George Washington U.,275483,District of Columbia,Private,No,No
158,Georgetown U.,313220,District of Columbia,Private,No,No
159,Howard U.,67594,District of Columbia,Private,Yes,No
160,Florida A&M U.,50636,Florida,Public (State U. Florida Board of Governors),Yes,No
161,Florida Atlantic U.,61748,Florida,Public (State U. Florida Board of Governors),No,Yes
162,Florida Gulf Coast U.,9896,Florida,Public (State U. Florida Board of Governors),No,No
163,Florida International U.,281665,Florida,Public (State U. Florida Board of Governors),No,Yes
164,Florida Polytechnic U.,1725,Florida,Public (State U. Florida Board of Governors),No,No
165,Florida State U.,355986,Florida,Public (State U. Florida Board of Governors),No,No
166,New C. Florida,1252,Florida,Public (State U. Florida Board of Governors),No,No
167,U. Central Florida,221488,Florida,Public (State U. Florida Board of Governors),No,Yes
168,U. Florida,1085834,Florida,Public (State U. Florida Board of Governors),No,No
169,U. North Florida,18394,Florida,Public (State U. Florida Board of Governors),No,No
170,U. South Florida,405166,Florida,Public (State U. Florida Board of Governors),No,No
171,U. West Florida,38870,Florida,Public (State U. Florida Board of Governors),No,No
172,Barry U.,367,Florida,Private,No,No
173,Bethune-Cookman U.,707,Florida,Private,No,No
174,Eckerd C.,596,Florida,Private,No,No
175,Embry-Riddle Aeronautical U.,28650,Florida,Private,No,No
176,Florida Institute of Technology,17706,Florida,Private,No,No
177,Jacksonville U.,162,Florida,Private,No,No
178,Keiser U.,485,Florida,Private,No,No
179,Nova Southeastern U.,31189,Florida,Private,No,Yes
180,Rollins C.,532,Florida,Private,No,No
181,Stetson U.,580,Florida,Private,No,No
182,U. Miami,439300,Florida,Private,No,No
183,U. Tampa,886,Florida,Private,No,No
184,Albany State U.,1059,Georgia,Public (U. System Georgia Board of Regents),No,No
185,Augusta U.,127313,Georgia,Public (U. System Georgia Board of Regents),No,No
186,Clayton State U.,600,Georgia,Public (U. System Georgia Board of Regents),No,No
187,Columbus State U.,271,Georgia,Public (U. System Georgia Board of Regents),No,No
188,Fort Valley State U.,9969,Georgia,Public (U. System Georgia Board of Regents),Yes,No
189,Georgia C. and State U.,216,Georgia,Public (U. System Georgia Board of Regents),No,No
190,Georgia Gwinnett C.,367,Georgia,Public (U. System Georgia Board of Regents),No,No
191,Georgia Institute of Technology,1231485,Georgia,Public (U. System Georgia Board of Regents),No,No
192,Georgia Southern U.,36362,Georgia,Public (U. System Georgia Board of Regents),No,No
193,Georgia State U.,215908,Georgia,Public (U. System Georgia Board of Regents),No,No
194,Kennesaw State U.,21705,Georgia,Public (U. System Georgia Board of Regents),No,No
195,Savannah State U.,1888,Georgia,Public (U. System Georgia Board of Regents),Yes,No
196,U. Georgia,545631,Georgia,Public (U. System Georgia Board of Regents),No,No
197,U. North Georgia,1734,Georgia,Public (U. System Georgia Board of Regents),No,No
198,U. West Georgia,309,Georgia,Public (U. System Georgia Board of Regents),No,No
199,Valdosta State U.,262,Georgia,Public (U. System Georgia Board of Regents),No,No
200,Agnes Scott C.,433,Georgia,Private,No,No
201,Berry C.,541,Georgia,Private,No,No
202,Clark Atlanta U.,8791,Georgia,Private,Yes,No
203,Emory U.,958281,Georgia,Private,No,No
204,Life U.,419,Georgia,Private,No,No
205,Mercer U.,50222,Georgia,Private,No,No
206,Morehouse C.,5664,Georgia,Private,Yes,No
207,Morehouse School of Medicine,42489,Georgia,Private,Yes,No
208,Spelman C.,2686,Georgia,Private,Yes,No
209,"U. Hawaii, Hilo",8001,Hawaii,Public (U. Hawaii System),No,No
210,"U. Hawaii, Manoa",277323,Hawaii,Public (U. Hawaii System),No,No
211,"U. Hawaii, Manoa",1147,Hawaii,Public (U. Hawaii System),No,No
212,"U. Hawaii, Maui C.",12646,Hawaii,Public (U. Hawaii System),No,No
213,Hawaii Pacific U.,3302,Hawaii,Private,No,No
214,Boise State U.,47617,Idaho,Public,No,No
215,Idaho State U.,16615,Idaho,Public,No,No
216,Lewis-Clark State C.,582,Idaho,Public,No,No
217,U. Idaho,115603,Idaho,Public,No,No
218,Northwest Nazarene U.,509,Idaho,Private,No,No
219,Chicago State U.,3701,Illinois,Public,No,No
220,Eastern Illinois U.,553,Illinois,Public,No,No
221,Illinois State U.,25510,Illinois,Public,No,No
222,Northeastern Illinois U.,2224,Illinois,Public,No,Yes
223,Northern Illinois U.,27068,Illinois,Public,No,No
225,"Southern Illinois U., Carbondale",46967,Illinois,Public,No,No
226,"Southern Illinois U., Edwardsville",19152,Illinois,Public,No,No
228,"U. Illinois, Chicago",440573,Illinois,Public,No,Yes
229,"U. Illinois, Springfield",2881,Illinois,Public,No,No
230,"U. Illinois, Urbana-Champaign",765909,Illinois,Public,No,No
231,Western Illinois U.,4311,Illinois,Public,No,No
232,Augustana C.,353,Illinois,Private,No,No
233,Benedictine U.,150,Illinois,Private,No,No
234,Bradley U.,240,Illinois,Private,No,No
235,DePaul U.,8362,Illinois,Private,No,No
236,Elmhurst U.,676,Illinois,Private,No,No
237,Erikson Institute,2068,Illinois,Private,No,No
238,Illinois C. of Optometry,831,Illinois,Private,No,No
239,Illinois Institute of Technology,29791,Illinois,Private,No,No
240,Lake Forest C.,493,Illinois,Private,No,No
241,"Loyola U., Chicago",46169,Illinois,Private,No,No
242,Midwestern U.,11069,Illinois,Private,No,No
243,Northwestern U.,1000695,Illinois,Private,No,No
244,Rosalind Franklin U. of Medicine and Science,12988,Illinois,Private,No,No
245,Rush U.,114874,Illinois,Private,No,Yes
246,"Toyota Technological Institute, Chicago",4470,Illinois,Private,No,No
247,U. Chicago,591805,Illinois,Private,No,No
248,"Wheaton C., Wheaton",1784,Illinois,Private,No,No
249,Ball State U.,9932,Indiana,Public,No,No
250,Indiana State U.,1354,Indiana,Public,No,No
251,Indiana U.,818054,Indiana,Public,No,No
252,"Indiana U., Bloomington",751309,Indiana,Public,No,No
253,"Indiana U., Kokomo",490,Indiana,Public,No,No
254,"Indiana U., Northwest",495,Indiana,Public,No,No
255,"Indiana U., South Bend",1075,Indiana,Public,No,No
256,"Indiana U., Southeast",523,Indiana,Public,No,No
257,"Indiana U.-Purdue U., Indianapolis",64162,Indiana,Public,No,No
258,Purdue U.,763148,Indiana,Public,No,No
259,"Purdue U., Fort Wayne",2134,Indiana,Public,No,No
260,"Purdue U., Northwest",6387,Indiana,Public,No,No
261,"Purdue U., West Lafayette",754627,Indiana,Public,No,No
262,Butler U.,1691,Indiana,Private,No,No
263,DePauw U.,175,Indiana,Private,No,No
264,Earlham C.,405,Indiana,Private,No,No
265,Indiana Wesleyan U.,722,Indiana,Private,No,No
266,Manchester U.,303,Indiana,Private,No,No
267,Taylor U.,204,Indiana,Private,No,No
268,U. Evansville,285,Indiana,Private,No,No
269,U. Notre Dame,280604,Indiana,Private,No,No
270,Valparaiso U.,688,Indiana,Private,No,No
271,Wabash C.,465,Indiana,Private,No,No
272,Iowa State U.,393184,Iowa,Public (Iowa Board of Regents),No,No
273,U. Iowa,594215,Iowa,Public (Iowa Board of Regents),No,No
274,U. Northern Iowa,3486,Iowa,Public (Iowa Board of Regents),No,No
275,Coe C.,614,Iowa,Private,No,No
276,Cornell C.,409,Iowa,Private,No,No
277,Des Moines U.,5307,Iowa,Private,No,No
278,Dordt U.,679,Iowa,Private,No,No
279,Drake U.,1691,Iowa,Private,No,No
280,Grinnell C.,5867,Iowa,Private,No,No
281,Loras C.,150,Iowa,Private,No,No
282,Luther C.,212,Iowa,Private,No,No
283,Palmer C. of Chiropractic,2050,Iowa,Private,No,No
284,"Palmer C. of Chiropractic, Davenport",2050,Iowa,Private,No,No
285,Emporia State U.,510,Kansas,Public (Kansas Board of Regents),No,No
286,Fort Hays State U.,641,Kansas,Public (Kansas Board of Regents),No,No
287,Kansas State U.,212974,Kansas,Public (Kansas Board of Regents),No,No
288,Pittsburg State U.,2884,Kansas,Public (Kansas Board of Regents),No,No
289,U. Kansas,405267,Kansas,Public (Kansas Board of Regents),No,No
290,Wichita State U.,261519,Kansas,Public (Kansas Board of Regents),No,No
291,Eastern Kentucky U.,1089,Kentucky,Public (Kentucky Council on Postsecondary Education),No,No
292,Kentucky State U.,9284,Kentucky,Public (Kentucky Council on Postsecondary Education),Yes,No
293,Morehead State U.,2880,Kentucky,Public (Kentucky Council on Postsecondary Education),No,No
294,Murray State U.,3371,Kentucky,Public (Kentucky Council on Postsecondary Education),No,No
295,Northern Kentucky U.,3888,Kentucky,Public (Kentucky Council on Postsecondary Education),No,No
296,U. Kentucky,476517,Kentucky,Public (Kentucky Council on Postsecondary Education),No,No
297,U. Louisville,229582,Kentucky,Public (Kentucky Council on Postsecondary Education),No,No
298,Western Kentucky U.,7720,Kentucky,Public (Kentucky Council on Postsecondary Education),No,No
299,Centre C.,314,Kentucky,Private,No,No
301,"Louisiana State U., Baton Rouge",344556,Louisiana,Public (State of Louisiana Board of Regents),No,No
302,"Louisiana State U., Health Sciences Center, New Orleans",53995,Louisiana,Public (State of Louisiana Board of Regents),No,No
303,"Louisiana State U., Health Sciences Center, Shreveport",29502,Louisiana,Public (State of Louisiana Board of Regents),No,No
304,"Louisiana State U., Shreveport",723,Louisiana,Public (State of Louisiana Board of Regents),No,No
306,"Southern U. and A&M C., Agricultural Research and Extension Center",7048,Louisiana,Public (State of Louisiana Board of Regents),Yes,No
307,"Southern U. and A&M C., Baton Rouge",4344,Louisiana,Public (State of Louisiana Board of Regents),Yes,No
308,"Southern U., New Orleans",1317,Louisiana,Public (State of Louisiana Board of Regents),No,No
310,Grambling State U.,2306,Louisiana,Public (State of Louisiana Board of Regents),Yes,No
311,Louisiana Tech U.,26591,Louisiana,Public (State of Louisiana Board of Regents),No,No
312,McNeese State U.,432,Louisiana,Public (State of Louisiana Board of Regents),No,No
313,Nicholls State U.,687,Louisiana,Public (State of Louisiana Board of Regents),No,No
314,Northwestern State U. Louisiana,1848,Louisiana,Public (State of Louisiana Board of Regents),No,No
315,Southeastern Louisiana U.,2407,Louisiana,Public (State of Louisiana Board of Regents),No,No
316,"U. Louisiana, Lafayette",205201,Louisiana,Public (State of Louisiana Board of Regents),No,No
317,"U. Louisiana, Monroe",3128,Louisiana,Public (State of Louisiana Board of Regents),No,No
318,U. New Orleans,21911,Louisiana,Public (State of Louisiana Board of Regents),No,No
319,Dillard U.,2270,Louisiana,Private,Yes,No
320,"Loyola U., New Orleans",911,Louisiana,Private,No,No
321,Tulane U.,222605,Louisiana,Private,No,No
322,Xavier U. Louisiana,14156,Louisiana,Private,Yes,No
323,Maine Maritime Academy,198,Maine,Public,No,No
325,U. Maine,171931,Maine,Public,No,No
326,U. Maine Farmington,1174,Maine,Public,No,No
327,"U. Maine, Presque Isle",161,Maine,Public,No,No
328,U. Southern Maine,5498,Maine,Public,No,No
329,Bates C.,2468,Maine,Private,No,No
330,Bowdoin C.,2648,Maine,Private,No,No
331,Colby C.,2530,Maine,Private,No,No
332,U. New England,6664,Maine,Private,No,No
333,Morgan State U.,29482,Maryland,Public,Yes,No
334,St. Mary's C. Maryland,1063,Maryland,Public,No,No
336,Bowie State U.,3351,Maryland,Public,Yes,No
337,Coppin State U.,398,Maryland,Public,No,No
338,Salisbury U.,10614,Maryland,Public,No,No
339,Towson U.,8788,Maryland,Public,No,No
340,U. Baltimore,6646,Maryland,Public,No,No
341,U. Maryland,1228550,Maryland,Public,No,No
342,U. Maryland Center for Environmental Science,53718,Maryland,Public,No,No
343,"U. Maryland, Baltimore County",110319,Maryland,Public,No,No
344,"U. Maryland, Eastern Shore",9274,Maryland,Public,Yes,No
345,U.S. Naval Academy,10664,Maryland,Public,No,No
346,Uniformed Services U. of the Health Sciences,277240,Maryland,Public,No,No
347,Johns Hopkins U.,3420312,Maryland,Private,No,No
348,"Loyola U., Maryland",866,Maryland,Private,No,No
349,Maryland Institute C. of Art,407,Maryland,Private,No,No
351,Bridgewater State U.,954,Massachusetts,Public,No,No
352,Framingham State U.,2830,Massachusetts,Public,No,No
354,"U. Massachusetts, Amherst",245158,Massachusetts,Public,No,No
355,"U. Massachusetts, Boston",65215,Massachusetts,Public,No,No
356,"U. Massachusetts, Dartmouth",33136,Massachusetts,Public,No,No
357,"U. Massachusetts, Lowell",111144,Massachusetts,Public,No,No
358,"U. Massachusetts, Medical School",358204,Massachusetts,Public,No,No
359,Amherst C.,7177,Massachusetts,Private,No,No
360,Babson C.,1825,Massachusetts,Private,No,No
361,Bentley U.,1161,Massachusetts,Private,No,No
362,Boston C.,68958,Massachusetts,Private,No,No
363,Boston U.,725402,Massachusetts,Private,No,No
364,Brandeis U.,102378,Massachusetts,Private,No,No
365,C. of the Holy Cross,688,Massachusetts,Private,No,No
366,Clark U.,8813,Massachusetts,Private,No,No
367,Emerson C.,581,Massachusetts,Private,No,No
368,Franklin W. Olin C. of Engineering,2554,Massachusetts,Private,No,No
369,Harvard U.,1308458,Massachusetts,Private,No,No
370,Hult International Business School,1043,Massachusetts,Private,No,No
371,Massachusetts Institute of Technology,989166,Massachusetts,Private,No,No
372,MCPHS U.,290,Massachusetts,Private,No,No
373,Merrimack C.,1010,Massachusetts,Private,No,No
374,MGH Institute of Health Professions,5805,Massachusetts,Private,No,No
375,Mount Holyoke C.,2112,Massachusetts,Private,No,No
376,New England C. of Optometry,1868,Massachusetts,Private,No,No
377,Northeastern U.,231607,Massachusetts,Private,No,No
378,Simmons U.,668,Massachusetts,Private,No,No
379,Smith C.,5831,Massachusetts,Private,No,No
380,Stonehill C.,772,Massachusetts,Private,No,No
381,Suffolk U.,1401,Massachusetts,Private,No,No
382,Tufts U.,231224,Massachusetts,Private,No,No
383,Wellesley C.,6326,Massachusetts,Private,No,No
384,Western New England U.,2052,Massachusetts,Private,No,No
385,Williams C.,5657,Massachusetts,Private,No,No
386,Woods Hole Oceanographic Institution,255017,Massachusetts,Private,No,No
387,Worcester Polytechnic Institute,56904,Massachusetts,Private,No,No
388,Central Michigan U.,25105,Michigan,Public,No,No
389,Eastern Michigan U.,8025,Michigan,Public,No,No
390,Ferris State U.,1929,Michigan,Public,No,No
391,Grand Valley State U.,6695,Michigan,Public,No,No
392,Lake Superior State U.,2056,Michigan,Public,No,No
393,Michigan State U.,759229,Michigan,Public,No,No
394,Michigan Technological U.,91084,Michigan,Public,No,No
395,Northern Michigan U.,1888,Michigan,Public,No,No
396,Oakland U.,38061,Michigan,Public,No,No
397,Saginaw Valley State U.,2862,Michigan,Public,No,No
398,U. Michigan,1779821,Michigan,Public,No,No
399,"U. Michigan, Ann Arbor",1770708,Michigan,Public,No,No
400,"U. Michigan, Dearborn",8180,Michigan,Public,No,No
401,"U. Michigan, Flint",933,Michigan,Public,No,No
402,Wayne State U.,242247,Michigan,Public,No,No
403,Western Michigan U. and Homer Stryker M.D. School of Medicine,27768,Michigan,Public,No,No
404,Albion C.,1300,Michigan,Private,No,No
405,Andrews U.,1043,Michigan,Private,No,No
406,Calvin U.,3169,Michigan,Private,No,No
407,Hope C.,6355,Michigan,Private,No,No
408,Kalamazoo C.,692,Michigan,Private,No,No
409,Kettering U.,816,Michigan,Private,No,No
410,Lawrence Technological U.,3050,Michigan,Private,No,No
411,U. Detroit Mercy,5186,Michigan,Private,No,No
412,Van Andel Research Institute,78626,Michigan,Private,No,No
414,Metropolitan State U.,176,Minnesota,Public,No,No
415,"Minnesota State U., Mankato",2206,Minnesota,Public,No,No
416,"Minnesota State U., Moorhead",502,Minnesota,Public,No,No
417,St. Cloud State U.,2226,Minnesota,Public,No,No
418,U. Minnesota,1227035,Minnesota,Public,No,No
419,"U. Minnesota, Duluth",23362,Minnesota,Public,No,No
420,"U. Minnesota, Morris",805,Minnesota,Public,No,No
421,"U. Minnesota, Rochester",784,Minnesota,Public,No,No
422,"U. Minnesota, Twin Cities",1202084,Minnesota,Public,No,No
423,Augsburg U.,815,Minnesota,Private,No,No
424,C. of Saint Benedict,1228,Minnesota,Private,No,No
425,Carleton C.,4358,Minnesota,Private,No,No
426,"Concordia C., Moorhead",291,Minnesota,Private,No,No
427,Gustavus Adolphus C.,1136,Minnesota,Private,No,No
428,Hamline U.,162,Minnesota,Private,No,No
429,Macalester C.,1691,Minnesota,Private,No,No
430,Saint John's U.,1298,Minnesota,Private,No,No
431,Saint Mary's U. Minnesota,889,Minnesota,Private,No,No
432,St. Catherine U.,933,Minnesota,Private,No,No
433,St. Olaf C.,1532,Minnesota,Private,No,No
434,U. of St. Thomas (MN),2476,Minnesota,Private,No,No
435,Alcorn State U.,16726,Mississippi,Public (Mississippi State Institutions of Higher Learning),Yes,No
436,Delta State U.,673,Mississippi,Public (Mississippi State Institutions of Higher Learning),No,No
437,Jackson State U.,17481,Mississippi,Public (Mississippi State Institutions of Higher Learning),Yes,No
438,Mississippi State U.,303418,Mississippi,Public (Mississippi State Institutions of Higher Learning),No,No
439,Mississippi Valley State U.,344,Mississippi,Public (Mississippi State Institutions of Higher Learning),No,No
440,U. Mississippi,152903,Mississippi,Public (Mississippi State Institutions of Higher Learning),No,No
441,U. Southern Mississippi,72477,Mississippi,Public (Mississippi State Institutions of Higher Learning),No,No
442,Tougaloo C.,2336,Mississippi,Private,Yes,No
443,"Lincoln U., Jefferson City",11500,Missouri,Public (Missouri Department of Higher Education),Yes,No
444,Missouri State U.,11162,Missouri,Public (Missouri Department of Higher Education),No,No
445,Northwest Missouri State U.,231,Missouri,Public (Missouri Department of Higher Education),No,No
446,Southeast Missouri State U.,228,Missouri,Public (Missouri Department of Higher Education),No,No
447,Truman State U.,327,Missouri,Public (Missouri Department of Higher Education),No,No
448,U. Central Missouri,642,Missouri,Public (Missouri Department of Higher Education),No,No
450,Missouri U. of Science and Technology,53357,Missouri,Public (Missouri Department of Higher Education),No,No
451,"U. Missouri, Columbia",432310,Missouri,Public (Missouri Department of Higher Education),No,No
452,"U. Missouri, Kansas City",52657,Missouri,Public (Missouri Department of Higher Education),No,No
453,"U. Missouri, Saint Louis",13247,Missouri,Public (Missouri Department of Higher Education),No,No
454,A. T. Still U. of Health Sciences,517,Missouri,Private,No,No
455,Graduate School of the Stowers Institute for Medical Research,780,Missouri,Private,No,No
456,Saint Louis U.,82740,Missouri,Private,No,No
457,U. of Health Sciences and Pharmacy in St. Louis,4280,Missouri,Private,No,No
458,"Washington U., Saint Louis",1047098,Missouri,Private,No,No
459,Aaniiih Nakoda C.,864,Montana,Public (Montana U. System),No,No
460,Montana State U.,201719,Montana,Public (Montana U. System),No,No
461,"Montana State U., Billings",685,Montana,Public (Montana U. System),No,No
462,"Montana State U., Bozeman",200820,Montana,Public (Montana U. System),No,No
463,"Montana State U., Northern",214,Montana,Public (Montana U. System),No,No
464,Salish Kootenai C.,782,Montana,Public (Montana U. System),No,No
465,U. Montana,139791,Montana,Public (Montana U. System),No,No
466,Montana Technological U.,14188,Montana,Public (Montana U. System),No,No
467,"U. Montana, Missoula",125603,Montana,Public (Montana U. System),No,No
469,"U. Nebraska, central administration",25402,Nebraska,Public,No,No
470,"U. Nebraska, Kearney",4009,Nebraska,Public,No,No
471,"U. Nebraska, Lincoln",340260,Nebraska,Public,No,No
472,"U. Nebraska, Medical Center",205253,Nebraska,Public,No,No
473,"U. Nebraska, Omaha",24259,Nebraska,Public,No,No
474,Creighton U.,27609,Nebraska,Private,No,No
475,Doane U.,502,Nebraska,Private,No,No
476,C. Southern Nevada,303,Nevada,Public (Nevada System of Higher Education),No,No
477,Desert Research Institute,28478,Nevada,Public (Nevada System of Higher Education),No,No
478,Nevada State C.,1191,Nevada,Public (Nevada System of Higher Education),No,Yes
479,Truckee Meadows Community C.,334,Nevada,Public (Nevada System of Higher Education),No,No
480,"U. Nevada, Las Vegas",94967,Nevada,Public (Nevada System of Higher Education),No,Yes
481,"U. Nevada, Reno",181782,Nevada,Public (Nevada System of Higher Education),No,No
482,Western Nevada C.,171,Nevada,Public (Nevada System of Higher Education),No,No
483,Roseman U. of Health Sciences,6296,Nevada,Private,No,No
485,"Touro U., Nevada",697,Nevada,Private,No,No
486,Keene State C.,770,New Hampshire,Public (U. System of New Hampshire),No,No
487,Plymouth State U.,669,New Hampshire,Public (U. System of New Hampshire),No,No
488,U. New Hampshire,206392,New Hampshire,Public (U. System of New Hampshire),No,No
489,Dartmouth C. and Dartmouth Hitchcock Medical Center,344126,New Hampshire,Private,No,No
490,C. New Jersey,3464,New Jersey,Public,No,No
491,Kean U.,5499,New Jersey,Public,No,Yes
492,Montclair State U.,32202,New Jersey,Public,No,Yes
493,New Jersey Institute of Technology,167135,New Jersey,Public,No,No
494,Ramapo C. New Jersey,365,New Jersey,Public,No,No
495,Rowan U.,29949,New Jersey,Public,No,No
496,"Rutgers, the State U. of New Jersey",747056,New Jersey,Public,No,No
497,"Rutgers, State U. New Jersey, Camden",6480,New Jersey,Public,No,No
498,"Rutgers, State U. New Jersey, New Brunswick",712231,New Jersey,Public,No,No
499,"Rutgers, State U. New Jersey, Newark",28345,New Jersey,Public,No,Yes
500,Stockton U.,1657,New Jersey,Public,No,No
501,William Paterson U.,7574,New Jersey,Public,No,Yes
502,Fairleigh Dickinson U.,225,New Jersey,Private,No,No
503,Monmouth U.,1938,New Jersey,Private,No,No
504,Princeton U.,461185,New Jersey,Private,No,No
505,Rider U.,353,New Jersey,Private,No,No
506,Seton Hall U.,5741,New Jersey,Private,No,No
507,Stevens Institute of Technology,53563,New Jersey,Private,No,No
508,"Eastern New Mexico U., Portales",303,New Mexico,Public (New Mexico Higher Education Department),No,No
509,New Mexico Highlands U.,1331,New Mexico,Public (New Mexico Higher Education Department),No,Yes
510,New Mexico Institute of Mining and Technology,89900,New Mexico,Public (New Mexico Higher Education Department),No,Yes
511,New Mexico State U.,121472,New Mexico,Public (New Mexico Higher Education Department),No,Yes
512,Northern New Mexico C.,239,New Mexico,Public (New Mexico Higher Education Department),No,No
513,U. New Mexico,331164,New Mexico,Public (New Mexico Higher Education Department),No,Yes
515,"CUNY, Advanced Science Research Center",16507,New York,Public,No,No
516,"CUNY, Baruch C.",3156,New York,Public,No,Yes
517,"CUNY, Brooklyn C.",6220,New York,Public,No,No
518,"CUNY, C. Staten Island",3545,New York,Public,No,Yes
519,"CUNY, City C.",65569,New York,Public,No,Yes
520,"CUNY, Graduate Center",5509,New York,Public,No,Yes
521,"CUNY, Graduate School of Public Health and Health Policy",16423,New York,Public,No,No
522,"CUNY, Hunter C.",35348,New York,Public,No,Yes
523,"CUNY, John Jay C. of Criminal Justice",16233,New York,Public,No,Yes
524,"CUNY, Lehman C.",4656,New York,Public,No,Yes
525,"CUNY, Medgar Evers C.",595,New York,Public,No,No
526,"CUNY, New York City C. of Technology",1955,New York,Public,No,Yes
527,"CUNY, Queens C.",21434,New York,Public,No,Yes
529,"CUNY, York C.",1912,New York,Public,No,Yes
531,"SUNY, Binghamton U.",130882,New York,Public,No,No
532,"SUNY, Buffalo State",2172,New York,Public,No,No
533,"SUNY, C. Brockport",1500,New York,Public,No,No
534,"SUNY, C. Cortland",530,New York,Public,No,No
535,"SUNY, C. of Environmental Science and Forestry",32904,New York,Public,No,No
536,"SUNY, C. of Optometry",4497,New York,Public,No,No
537,"SUNY, C. Old Westbury",428,New York,Public,No,No
538,"SUNY, C. Plattsburgh",1043,New York,Public,No,No
539,"SUNY, Cobleskill",1211,New York,Public,No,No
540,"SUNY, Downstate Health Sciences U.",30918,New York,Public,No,No
541,"SUNY, Farmingdale State C.",611,New York,Public,No,No
542,"SUNY, Geneseo",2091,New York,Public,No,No
543,"SUNY, Maritime C.",258,New York,Public,No,No
544,"SUNY, New Paltz",308,New York,Public,No,No
545,"SUNY, Oneonta",288,New York,Public,No,No
546,"SUNY, Oswego",1209,New York,Public,No,No
547,"SUNY, Polytechnic Institute",413763,New York,Public,No,No
548,"SUNY, Potsdam",622,New York,Public,No,No
549,"SUNY, Stony Brook U.",312698,New York,Public,No,No
550,"SUNY, U. Albany",129796,New York,Public,No,No
551,"SUNY, U. Buffalo",439709,New York,Public,No,No
552,"SUNY, Upstate Medical U.",50586,New York,Public,No,No
553,U.S. Military Academy,20841,New York,Public,No,No
554,Adelphi U.,377,New York,Private,No,No
555,Albany C. of Pharmacy and Health Sciences,2276,New York,Private,No,No
556,Albany Medical C.,22297,New York,Private,No,No
557,Albert Einstein C. of Medicine,318314,New York,Private,No,No
558,Alfred U.,3477,New York,Private,No,No
559,Bard C.,255,New York,Private,No,No
560,Barnard C.,4988,New York,Private,No,No
561,Canisius C.,1160,New York,Private,No,No
562,Clarkson U.,21703,New York,Private,No,No
563,Cold Spring Harbor Laboratory,118034,New York,Private,No,No
564,Colgate U.,4343,New York,Private,No,No
565,Columbia U. in the City of New York,1230924,New York,Private,No,No
566,Cooper Union,501,New York,Private,No,No
567,Cornell U.,1300357,New York,Private,No,No
568,D'Youville C.,178,New York,Private,No,No
569,Fordham U.,20432,New York,Private,No,No
570,Hamilton C.,1879,New York,Private,No,No
571,Hobart and William Smith Colleges,3228,New York,Private,No,No
572,Hofstra U.,6939,New York,Private,No,No
573,Icahn School of Medicine at Mount Sinai,893968,New York,Private,No,No
574,Iona C.,650,New York,Private,No,No
575,Ithaca C.,1000,New York,Private,No,No
576,Long Island U.,17183,New York,Private,No,No
577,Manhattan C.,1641,New York,Private,No,Yes
578,"Memorial Sloan Kettering Cancer Center, Louis V. Gerstner Jr. Graduate S. of Biomedical Sciences",4954,New York,Private,No,No
579,New School,19218,New York,Private,No,No
580,New York Institute of Technology,5555,New York,Private,No,No
581,New York U.,1276038,New York,Private,No,No
582,Niagara U.,440,New York,Private,No,No
583,Pace U.,3524,New York,Private,No,No
584,Pratt Institute,2325,New York,Private,No,No
585,Rensselaer Polytechnic Institute,121809,New York,Private,No,No
586,Rochester Institute of Technology,62383,New York,Private,No,No
587,Rockefeller U.,360877,New York,Private,No,No
588,Siena C.,675,New York,Private,No,No
589,Skidmore C.,1734,New York,Private,No,No
590,St. Bonaventure U.,642,New York,Private,No,No
591,"St. John's U., New York",3592,New York,Private,No,No
592,Syracuse U.,157407,New York,Private,No,No
593,"Teachers C., Columbia U.",30978,New York,Private,No,No
595,New York Medical C.,16461,New York,Private,No,No
596,"Touro U., New York",576,New York,Private,No,No
597,U. Rochester,450805,New York,Private,No,No
598,"Union C., Schenectady",1479,New York,Private,No,No
599,Utica U.,562,New York,Private,No,No
600,Vassar C.,2580,New York,Private,No,No
601,Yeshiva U.,7274,New York,Private,No,No
602,Appalachian State U.,7189,North Carolina,Public (U. North Carolina),No,No
603,East Carolina U.,55693,North Carolina,Public (U. North Carolina),No,No
604,Elizabeth City State U.,1934,North Carolina,Public (U. North Carolina),Yes,No
605,Fayetteville State U.,3206,North Carolina,Public (U. North Carolina),Yes,No
606,North Carolina A&T State U.,47908,North Carolina,Public (U. North Carolina),Yes,No
607,North Carolina Central U.,16600,North Carolina,Public (U. North Carolina),Yes,No
608,North Carolina State U.,583203,North Carolina,Public (U. North Carolina),No,No
609,"U. North Carolina, Asheville",5973,North Carolina,Public (U. North Carolina),No,No
610,"U. North Carolina, Chapel Hill",1361028,North Carolina,Public (U. North Carolina),No,No
611,"U. North Carolina, Charlotte",43126,North Carolina,Public (U. North Carolina),No,No
612,"U. North Carolina, general administration",3522,North Carolina,Public (U. North Carolina),No,No
613,"U. North Carolina, Greensboro",41303,North Carolina,Public (U. North Carolina),No,No
614,"U. North Carolina, Pembroke",290,North Carolina,Public (U. North Carolina),No,No
615,"U. North Carolina, Wilmington",20053,North Carolina,Public (U. North Carolina),No,No
616,Western Carolina U.,2783,North Carolina,Public (U. North Carolina),No,No
617,Winston-Salem State U.,10436,North Carolina,Public (U. North Carolina),Yes,No
618,Davidson C.,2788,North Carolina,Private,No,No
619,Duke U.,1390538,North Carolina,Private,No,No
620,Elon U.,1797,North Carolina,Private,No,No
621,Johnson C. Smith U.,2685,North Carolina,Private,Yes,No
622,Shaw U.,259,North Carolina,Private,No,No
623,Wake Forest U.,269109,North Carolina,Private,No,No
624,Minot State U.,187,North Dakota,Public (North Dakota U. System),No,No
625,North Dakota State U.,174904,North Dakota,Public (North Dakota U. System),No,No
626,U. North Dakota,147717,North Dakota,Public (North Dakota U. System),No,No
627,United Tribes Technical C.,1270,North Dakota,Private,No,No
628,Air Force Institute of Technology,44391,Ohio,Public,No,No
630,Bowling Green State U.,19342,Ohio,Public,No,No
631,Central State U.,10274,Ohio,Public,Yes,No
632,Cleveland State U.,81225,Ohio,Public,No,No
633,Kent State U.,52175,Ohio,Public,No,No
634,Miami U.,28799,Ohio,Public,No,No
635,Northeast Ohio Medical U.,13465,Ohio,Public,No,No
636,Ohio State U.,1363388,Ohio,Public,No,No
637,Ohio U.,52465,Ohio,Public,No,No
638,U. Akron,19943,Ohio,Public,No,No
639,U. Cincinnati,615070,Ohio,Public,No,No
640,U. Toledo,64654,Ohio,Public,No,No
641,Wright State U.,27440,Ohio,Public,No,No
642,Youngstown State U.,4157,Ohio,Public,No,No
643,Antioch U.,263,Ohio,Private,No,No
644,Baldwin Wallace U.,167,Ohio,Private,No,No
645,C. Wooster,1717,Ohio,Private,No,No
646,Case Western Reserve U.,467389,Ohio,Private,No,No
647,Denison U.,845,Ohio,Private,No,No
648,Heidelberg U.,1184,Ohio,Private,No,No
649,John Carroll U.,738,Ohio,Private,No,No
650,Kenyon C.,1330,Ohio,Private,No,No
651,Oberlin C.,1036,Ohio,Private,No,No
652,Ohio Northern U.,250,Ohio,Private,No,No
653,Ohio Wesleyan U.,267,Ohio,Private,No,No
654,U. Dayton,211494,Ohio,Private,No,No
655,Wittenberg U.,508,Ohio,Private,No,No
656,Oklahoma Agricultural and Mechanical Colleges,209890,Oklahoma,Public (Oklahoma State System of Higher Education),No,No
657,Langston U.,6481,Oklahoma,Public (Oklahoma State System of Higher Education),Yes,No
658,"Oklahoma State U., Center for Health Sciences",8368,Oklahoma,Public (Oklahoma State System of Higher Education),No,No
659,"Oklahoma State U., Stillwater",195041,Oklahoma,Public (Oklahoma State System of Higher Education),No,No
661,East Central U.,480,Oklahoma,Public (Oklahoma State System of Higher Education),No,No
662,Northeastern State U.,351,Oklahoma,Public (Oklahoma State System of Higher Education),No,No
663,Southwestern Oklahoma State U.,531,Oklahoma,Public (Oklahoma State System of Higher Education),No,No
664,U. Central Oklahoma,7070,Oklahoma,Public (Oklahoma State System of Higher Education),No,No
665,U. Oklahoma,416601,Oklahoma,Public (Oklahoma State System of Higher Education),No,No
666,"U. Oklahoma, Norman and Health Science Center",408656,Oklahoma,Public (Oklahoma State System of Higher Education),No,No
667,"U. Oklahoma, Tulsa",7945,Oklahoma,Public (Oklahoma State System of Higher Education),No,No
668,U. Tulsa,17416,Oklahoma,Private,No,No
669,Eastern Oregon U.,206,Oregon,Public,No,No
670,Oregon Health and Science U.,479226,Oregon,Public,No,No
671,Oregon Institute of Technology,5086,Oregon,Public,No,No
672,Oregon State U.,297934,Oregon,Public,No,No
673,Portland State U.,41483,Oregon,Public,No,No
674,Southern Oregon U.,447,Oregon,Public,No,No
675,U. Oregon,160500,Oregon,Public,No,No
676,Lewis and Clark C.,2566,Oregon,Private,No,No
677,Linfield U.,154,Oregon,Private,No,No
678,National U. of Natural Medicine,1013,Oregon,Private,No,No
679,Pacific U.,6128,Oregon,Private,No,No
680,Reed C.,5922,Oregon,Private,No,No
681,U. Portland,811,Oregon,Private,No,No
682,Willamette U.,2183,Oregon,Private,No,No
684,Bloomsburg U. Pennsylvania,365,Pennsylvania,Public,No,No
685,East Stroudsburg U. Pennsylvania,1410,Pennsylvania,Public,No,No
686,Indiana U. Pennsylvania,6313,Pennsylvania,Public,No,No
687,Kutztown U. Pennsylvania,450,Pennsylvania,Public,No,No
688,Millersville U. Pennsylvania,395,Pennsylvania,Public,No,No
689,Slippery Rock U. Pennsylvania,323,Pennsylvania,Public,No,No
690,West Chester U. Pennsylvania,5903,Pennsylvania,Public,No,No
691,Pennsylvania State U.,1032322,Pennsylvania,Public,No,No
692,"Pennsylvania State U., Abington",323,Pennsylvania,Public,No,No
693,"Pennsylvania State U., Altoona",1296,Pennsylvania,Public,No,No
694,"Pennsylvania State U., Behrend",6384,Pennsylvania,Public,No,No
695,"Pennsylvania State U., Berks",564,Pennsylvania,Public,No,No
696,"Pennsylvania State U., Great Valley School of Graduate Professional Studies",432,Pennsylvania,Public,No,No
697,"Pennsylvania State U., Greater Allegheny",189,Pennsylvania,Public,No,No
698,"Pennsylvania State U., Harrisburg",2927,Pennsylvania,Public,No,No
699,"Pennsylvania State U., University Park and Hershey Medical Center",1019940,Pennsylvania,Public,No,No
700,"Pennsylvania State U., Wilkes-Barre",267,Pennsylvania,Public,No,No
701,Temple U.,301395,Pennsylvania,Public,No,No
702,U. Pittsburgh,1251998,Pennsylvania,Public,No,No
703,"U. Pittsburgh, Pittsburgh",1251998,Pennsylvania,Public,No,No
704,U.S. Army War C.,5496,Pennsylvania,Public,No,No
705,American C. of Financial Services,338,Pennsylvania,Private,No,No
706,Arcadia U.,1488,Pennsylvania,Private,No,No
707,Bryn Athyn C.,317,Pennsylvania,Private,No,No
708,Bryn Mawr C.,9123,Pennsylvania,Private,No,No
709,Bucknell U.,5259,Pennsylvania,Private,No,No
710,Carnegie Mellon U.,449707,Pennsylvania,Private,No,No
711,Delaware Valley U.,265,Pennsylvania,Private,No,No
712,Dickinson C.,798,Pennsylvania,Private,No,No
713,Drexel U.,151903,Pennsylvania,Private,No,No
714,Duquesne U.,13944,Pennsylvania,Private,No,No
715,Franklin and Marshall C.,4440,Pennsylvania,Private,No,No
716,Gannon U.,569,Pennsylvania,Private,No,No
717,Gettysburg C.,1030,Pennsylvania,Private,No,No
718,Haverford C.,4487,Pennsylvania,Private,No,No
719,Juniata C.,545,Pennsylvania,Private,No,No
720,La Salle U.,917,Pennsylvania,Private,No,No
721,Lafayette C.,2059,Pennsylvania,Private,No,No
722,Lake Erie C. of Osteopathic Medicine,484,Pennsylvania,Private,No,No
723,Lehigh U.,51769,Pennsylvania,Private,No,No
724,Mercyhurst U.,661,Pennsylvania,Private,No,No
725,Moravian U.,386,Pennsylvania,Private,No,No
726,Muhlenberg C.,447,Pennsylvania,Private,No,No
727,Philadelphia C. of Osteopathic Medicine,6667,Pennsylvania,Private,No,No
728,Robert Morris U.,1000,Pennsylvania,Private,No,No
729,Saint Francis U.,533,Pennsylvania,Private,No,No
730,Saint Joseph's U.,9041,Pennsylvania,Private,No,No
731,Salus U.,680,Pennsylvania,Private,No,No
732,Susquehanna U.,333,Pennsylvania,Private,No,No
733,Swarthmore C.,4225,Pennsylvania,Private,No,No
734,Thomas Jefferson U.,321644,Pennsylvania,Private,No,No
735,U. Pennsylvania,1791311,Pennsylvania,Private,No,No
736,U. Scranton,1207,Pennsylvania,Private,No,No
737,Ursinus C.,1044,Pennsylvania,Private,No,No
738,Villanova U.,25955,Pennsylvania,Private,No,No
739,"Widener U., Chester",600,Pennsylvania,Private,No,No
740,Wilkes U.,423,Pennsylvania,Private,No,No
741,Naval War C.,5529,Rhode Island,Public,No,No
742,Rhode Island Board of Governors for Higher Education,140229,Rhode Island,Public,No,No
743,Rhode Island C.,11127,Rhode Island,Public,No,No
744,U. Rhode Island,129102,Rhode Island,Public,No,No
745,Brown U.,310780,Rhode Island,Private,No,No
746,Bryant U.,534,Rhode Island,Private,No,No
747,Providence C.,2012,Rhode Island,Private,No,No
748,Rhode Island School of Design,1120,Rhode Island,Private,No,No
749,Roger Williams U.,2156,Rhode Island,Private,No,No
750,Salve Regina U.,813,Rhode Island,Private,No,No
751,C. Charleston,6421,South Carolina,Public,No,No
752,Citadel Military C. South Carolina,4374,South Carolina,Public,No,No
753,Clemson U.,263158,South Carolina,Public,No,No
754,Coastal Carolina U.,3724,South Carolina,Public,No,No
755,Francis Marion U.,402,South Carolina,Public,No,No
756,Medical U. South Carolina,284553,South Carolina,Public,No,No
757,South Carolina State U.,4270,South Carolina,Public,Yes,No
758,U. South Carolina,233392,South Carolina,Public,No,No
759,U. South Carolina Upstate,594,South Carolina,Public,No,No
760,"U. South Carolina, Aiken",2595,South Carolina,Public,No,No
761,"U. South Carolina, Beaufort",1041,South Carolina,Public,No,No
762,"U. South Carolina, Columbia",229162,South Carolina,Public,No,No
763,Winthrop U.,3424,South Carolina,Public,No,No
764,Benedict C.,1059,South Carolina,Private,No,No
765,Claflin U.,1179,South Carolina,Private,Yes,No
766,Converse U.,254,South Carolina,Private,No,No
767,Furman U.,2650,South Carolina,Private,No,No
768,Oglala Lakota C.,424,South Dakota,Public,No,No
769,South Dakota Board of Regents,116949,South Dakota,Public,No,No
770,Black Hills State U.,1987,South Dakota,Public,No,No
771,Dakota State U.,4684,South Dakota,Public,No,No
772,Northern State U.,305,South Dakota,Public,No,No
773,South Dakota School of Mines and Technology,20061,South Dakota,Public,No,No
774,South Dakota State U.,59590,South Dakota,Public,No,No
775,U. South Dakota,30322,South Dakota,Public,No,No
776,Augustana U.,724,South Dakota,Private,No,No
778,Austin Peay State U.,3149,Tennessee,Public,No,No
779,East Tennessee State U.,23420,Tennessee,Public,No,No
780,Middle Tennessee State U.,22631,Tennessee,Public,No,No
781,Tennessee State U.,18012,Tennessee,Public,Yes,No
782,Tennessee Technological U.,16398,Tennessee,Public,No,No
783,U. Memphis,71271,Tennessee,Public,No,No
785,"U. Tennessee, Chattanooga",12808,Tennessee,Public,No,No
786,"U. Tennessee, Health Science Center",115161,Tennessee,Public,No,No
787,"U. Tennessee, Knoxville",324435,Tennessee,Public,No,No
788,"U. Tennessee, Martin",162,Tennessee,Public,No,No
789,Fisk U.,4000,Tennessee,Private,Yes,No
790,Lincoln Memorial U.,1330,Tennessee,Private,No,No
791,Lipscomb U.,1251,Tennessee,Private,No,No
792,Meharry Medical C.,17960,Tennessee,Private,Yes,No
793,Sewanee: U. of the South,547,Tennessee,Private,No,No
794,Vanderbilt U. and Vanderbilt U. Medical Center,1086223,Tennessee,Private,No,No
795,Stephen F. Austin State U.,3184,Texas,Public,No,No
797,Prairie View A&M U.,20429,Texas,Public,Yes,No
798,Tarleton State U.,20056,Texas,Public,No,No
799,Texas A&M International U.,4486,Texas,Public,No,Yes
800,"Texas A&M U., College Station and Health Science Center",1152666,Texas,Public,No,Yes
801,Texas A&M U.-Central Texas,894,Texas,Public,No,No
802,Texas A&M U.-Commerce,4955,Texas,Public,No,No
803,Texas A&M U.-Corpus Christi,36014,Texas,Public,No,Yes
804,Texas A&M U.-Kingsville,23451,Texas,Public,No,Yes
805,Texas A&M U.-San Antonio,1242,Texas,Public,No,Yes
806,West Texas A&M U.,9438,Texas,Public,No,Yes
807,Texas Southern U.,12120,Texas,Public,Yes,No
809,Lamar U.,5304,Texas,Public,No,No
810,Sam Houston State U.,12009,Texas,Public,No,Yes
811,Sul Ross State U.,2526,Texas,Public,No,Yes
812,Texas State U.,110102,Texas,Public,No,Yes
814,Angelo State U.,740,Texas,Public,No,No
815,Midwestern State U.,886,Texas,Public,No,No
816,Texas Tech U.,226729,Texas,Public,No,Yes
817,"Texas Tech U., Health Sciences Center",46574,Texas,Public,No,Yes
818,"Texas Tech U., Health Sciences Center, El Paso",14206,Texas,Public,No,Yes
819,Texas Woman's U.,6029,Texas,Public,No,Yes
821,U. Houston,240126,Texas,Public,No,Yes
822,U. Houston-Clear Lake,1800,Texas,Public,No,Yes
823,U. Houston-Downtown,1485,Texas,Public,No,Yes
825,"U. North Texas, Denton",93538,Texas,Public,No,Yes
826,"U. North Texas, Health Science Center",10439,Texas,Public,No,No
828,"U. Texas Health Science Center, Houston",342633,Texas,Public,No,No
829,"U. Texas Health Science Center, San Antonio",238510,Texas,Public,No,Yes
830,"U. Texas Health Science Center, Tyler",33872,Texas,Public,No,No
831,U. Texas M. D. Anderson Cancer Center,1182536,Texas,Public,No,No
832,U. Texas Medical Branch,204518,Texas,Public,No,Yes
833,U. Texas of the Permian Basin,3577,Texas,Public,No,Yes
834,U. Texas Rio Grande Valley,64401,Texas,Public,No,Yes
835,U. Texas Southwestern Medical Center,719002,Texas,Public,No,No
836,"U. Texas, Arlington",133770,Texas,Public,No,Yes
837,"U. Texas, Austin",845896,Texas,Public,No,Yes
838,"U. Texas, Dallas",130914,Texas,Public,No,No
839,"U. Texas, El Paso",130501,Texas,Public,No,Yes
840,"U. Texas, San Antonio",147629,Texas,Public,No,Yes
841,"U. Texas, Tyler",3246,Texas,Public,No,No
842,Abilene Christian U.,6310,Texas,Private,No,No
843,Austin C.,349,Texas,Private,No,No
844,Baylor C. of Medicine,827005,Texas,Private,No,No
845,Baylor U.,66014,Texas,Private,No,No
846,LeTourneau U.,239,Texas,Private,No,No
847,Rice U.,216202,Texas,Private,No,No
848,Southern Methodist U.,57544,Texas,Private,No,No
849,Southwestern U.,520,Texas,Private,No,No
850,St. Edward's U.,3393,Texas,Private,No,Yes
851,Texas Christian U.,18353,Texas,Private,No,No
852,Trinity U.,3657,Texas,Private,No,No
853,U. Dallas,564,Texas,Private,No,No
854,U. of the Incarnate Word,2064,Texas,Private,No,Yes
855,Southern Utah U.,846,Utah,Public (Utah System of Higher Education),No,No
856,U. Utah,670119,Utah,Public (Utah System of Higher Education),No,No
857,Utah State U.,344851,Utah,Public (Utah System of Higher Education),No,No
858,Utah Valley U.,1895,Utah,Public (Utah System of Higher Education),No,No
859,Weber State U.,813,Utah,Public (Utah System of Higher Education),No,No
860,"Brigham Young U., Provo",45610,Utah,Private,No,No
861,U. Vermont,216307,Vermont,Public,No,No
862,Vermont State Colleges,598,Vermont,Public,No,No
863,Castleton U.,598,Vermont,Public,No,No
864,Middlebury C.,2603,Vermont,Private,No,No
865,Norwich U.,1405,Vermont,Private,No,No
866,Saint Michael's C.,754,Vermont,Private,No,No
867,Christopher Newport U.,2762,Virginia,Public,No,No
868,Eastern Virginia Medical School,22165,Virginia,Public,No,No
869,George Mason U.,230068,Virginia,Public,No,No
870,James Madison U.,17021,Virginia,Public,No,No
871,Longwood U.,249,Virginia,Public,No,No
872,Norfolk State U.,3593,Virginia,Public,Yes,No
873,Old Dominion U.,64877,Virginia,Public,No,No
874,Radford U.,1056,Virginia,Public,No,No
875,U. of Mary Washington,1229,Virginia,Public,No,No
876,U. Virginia's C. Wise,2628,Virginia,Public,No,No
877,"U. Virginia, Charlottesville",662658,Virginia,Public,No,No
878,Virginia Commonwealth U.,405898,Virginia,Public,No,No
879,Virginia Military Institute,1746,Virginia,Public,No,No
880,Virginia Polytechnic Institute and State U.,591861,Virginia,Public,No,No
881,Virginia State U.,12326,Virginia,Public,Yes,No
882,William & Mary,75953,Virginia,Public,No,No
883,Edward Via C. of Osteopathic Medicine,7121,Virginia,Private,No,No
884,Hampton U.,11462,Virginia,Private,Yes,No
885,Liberty U.,1736,Virginia,Private,No,No
886,Marymount U.,1298,Virginia,Private,No,Yes
887,Roanoke C.,955,Virginia,Private,No,No
888,U. Lynchburg,164,Virginia,Private,No,No
889,U. Richmond,2670,Virginia,Private,No,No
890,Washington and Lee U.,249,Virginia,Private,No,No
891,Central Washington U.,3176,Washington,Public,No,No
892,Eastern Washington U.,2437,Washington,Public,No,No
893,Evergreen State C.,586,Washington,Public,No,No
894,Northwest Indian C.,5632,Washington,Public,No,No
895,U. Washington,1573389,Washington,Public,No,No
896,"U. Washington, Bothell",8197,Washington,Public,No,No
897,"U. Washington, Seattle",1559708,Washington,Public,No,No
898,"U. Washington, Tacoma",5484,Washington,Public,No,No
899,Washington State U.,368396,Washington,Public,No,No
900,Western Washington U.,15081,Washington,Public,No,No
901,Gonzaga U.,640,Washington,Private,No,No
902,Pacific Lutheran U.,495,Washington,Private,No,No
903,Saint Martin's U.,305,Washington,Private,No,No
904,Seattle Pacific U.,742,Washington,Private,No,No
905,Seattle U.,1894,Washington,Private,No,No
906,U. Puget Sound,1051,Washington,Private,No,No
907,Whitman C.,1270,Washington,Private,No,No
908,Whitworth U.,465,Washington,Private,No,No
909,Bluefield State U.,642,West Virginia,Public (West Virginia Higher Education Policy Commission),No,No
910,Marshall U.,25692,West Virginia,Public (West Virginia Higher Education Policy Commission),No,No
911,West Liberty U.,815,West Virginia,Public (West Virginia Higher Education Policy Commission),No,No
912,West Virginia School of Osteopathic Medicine,1329,West Virginia,Public (West Virginia Higher Education Policy Commission),No,No
913,West Virginia State U.,6703,West Virginia,Public (West Virginia Higher Education Policy Commission),Yes,No
914,West Virginia U.,214081,West Virginia,Public (West Virginia Higher Education Policy Commission),No,No
915,Future Generations U.,312,West Virginia,Private,No,No
916,U. Charleston,217,West Virginia,Private,No,No
917,U. Wisconsin-Eau Claire,1628,Wisconsin,Public (U. Wisconsin System),No,No
918,U. Wisconsin-Green Bay,2713,Wisconsin,Public (U. Wisconsin System),No,No
919,U. Wisconsin-La Crosse,2942,Wisconsin,Public (U. Wisconsin System),No,No
920,U. Wisconsin-Madison,1523513,Wisconsin,Public (U. Wisconsin System),No,No
921,U. Wisconsin-Milwaukee,56822,Wisconsin,Public (U. Wisconsin System),No,No
922,U. Wisconsin-Oshkosh,1990,Wisconsin,Public (U. Wisconsin System),No,No
923,U. Wisconsin-Platteville,1349,Wisconsin,Public (U. Wisconsin System),No,No
924,U. Wisconsin-River Falls,1546,Wisconsin,Public (U. Wisconsin System),No,No
925,U. Wisconsin-Stevens Point,3740,Wisconsin,Public (U. Wisconsin System),No,No
926,U. Wisconsin-Stout,367,Wisconsin,Public (U. Wisconsin System),No,No
927,U. Wisconsin-Superior,4615,Wisconsin,Public (U. Wisconsin System),No,No
928,U. Wisconsin-Whitewater,713,Wisconsin,Public (U. Wisconsin System),No,No
929,Alverno C.,228,Wisconsin,Private,No,No
930,"Concordia U., Wisconsin",168,Wisconsin,Private,No,No
931,Lawrence U.,671,Wisconsin,Private,No,No
932,Marquette U.,40638,Wisconsin,Private,No,No
933,Medical C. Wisconsin,321506,Wisconsin,Private,No,No
934,Milwaukee School of Engineering,3545,Wisconsin,Private,No,No
935,Northland C.,1265,Wisconsin,Private,No,No
936,St. Norbert C.,741,Wisconsin,Private,No,No
937,Central Wyoming C.,504,Wyoming,Public (Wyoming Department of Education),No,No
938,U. Wyoming,139764,Wyoming,Public (Wyoming Department of Education),No,No
939,American Samoa Community C.,961,American Samoa,Public,No,No
940,U. Guam,20481,Guam,Public,No,No
941,"U. Puerto Rico, Aguadilla",823,Puerto Rico,Public (U. Puerto Rico),No,No
942,"U. Puerto Rico, Cayey",1390,Puerto Rico,Public (U. Puerto Rico),No,Yes
943,"U. Puerto Rico, Humacao",1448,Puerto Rico,Public (U. Puerto Rico),No,Yes
944,"U. Puerto Rico, Mayaguez",18274,Puerto Rico,Public (U. Puerto Rico),No,Yes
945,"U. Puerto Rico, Medical Sciences Campus",47578,Puerto Rico,Public (U. Puerto Rico),No,Yes
946,"U. Puerto Rico, Ponce",1369,Puerto Rico,Public (U. Puerto Rico),No,No
947,"U. Puerto Rico, Rio Piedras",28083,Puerto Rico,Public (U. Puerto Rico),No,Yes
949,"U. Ana G. Mendez, Carolina",645,Puerto Rico,Private,No,No
950,"U. Ana G. Mendez, Cupey",728,Puerto Rico,Private,No,No
951,"U. Ana G. Mendez, Gurabo",1419,Puerto Rico,Private,No,Yes
952,Polytechnic U. Puerto Rico,620,Puerto Rico,Private,No,No
953,"Pontifical Catholic U. Puerto Rico, Ponce",334,Puerto Rico,Private,No,No
954,San Juan Bautista School of Medicine,662,Puerto Rico,Private,No,No
955,U. Central del Caribe,5053,Puerto Rico,Private,No,Yes
956,U. of the Virgin Islands,20259,Virgin Islands,Public,Yes,No
957,"CUNY, system office",2900,New York,Public,No,No
